SampleID,Contents,Day,Temperature,Replicate
ET10,Bsal_Synth,0,29,5
ET100,Bd_Synth,18,25,4
ET101,Synth,18,25,1
ET102,Bd_Synth,0,29,5
ET103,Bsal_Synth,18,25,1
ET104,Bsal_Synth,18,25,2
ET105,Bsal_Synth,18,25,3
ET106,Bsal_Synth,18,25,4
ET107,Bsal_Synth,18,25,5
ET108,Synth,18,25,2
ET109,Synth,18,25,3
ET11,Synth,0,29,1
ET110,Bd,,25,
ET111,Bsal,,25,
ET112,Media,,25,
ET113,Bd_Synth,0,20,1
ET114,Bd_Synth,0,20,2
ET115,Bd_Synth,0,20,3
ET116,Bd_Synth,0,20,4
ET117,Bd_Synth,0,20,5
ET118,Bsal_Synth,0,20,1
ET119,Bsal_Synth,0,20,2
ET12,Synth,0,29,2
ET120,Bsal_Synth,0,20,3
ET121,Bsal_Synth,0,20,4
ET122,Bsal_Synth,0,20,5
ET123,Synth,0,20,1
ET124,Synth,0,20,2
ET125,Synth,0,20,3
ET126,Bd_Synth,6,20,1
ET127,Bd_Synth,6,20,2
ET128,Bd_Synth,6,20,3
ET129,Bd_Synth,6,20,4
ET13,Synth,0,20,3
ET130,Bd_Synth,6,20,5
ET131,Bsal_Synth,6,20,1
ET132,Bsal_Synth,6,20,2
ET133,Bsal_Synth,6,20,3
ET134,Bsal_Synth,6,20,4
ET135,Bsal_Synth,6,20,5
ET136,Synth,6,20,1
ET137,Synth,6,20,2
ET138,Synth,6,20,3
ET139,Bd_Synth,12,20,1
ET14,Bd,6,29,1
ET140,Bd_Synth,12,20,2
ET141,Bd_Synth,12,20,3
ET142,Bd_Synth,12,20,4
ET143,Bd_Synth,12,20,5
ET144,Bsal_Synth,12,20,1
ET145,Bsal_Synth,12,20,2
ET146,Bsal_Synth,12,20,3
ET147,Bsal_Synth,12,20,4
ET148,Bsal_Synth,12,20,5
ET149,Synth,12,20,1
ET15,Bd_Synth,6,29,2
ET150,Synth,12,20,2
ET151,Synth,12,20,3
ET152,Bd_Synth,18,20,1
ET153,Bd_Synth,18,20,2
ET154,Bd_Synth,18,20,3
ET155,Bd_Synth,18,20,4
ET156,Bd_Synth,18,20,5
ET157,Bsal_Synth,18,20,1
ET158,Bsal_Synth,18,20,2
ET159,Bsal_Synth,18,20,3
ET16,Bd_Synth,6,29,3
ET160,Bsal_Synth,18,20,4
ET161,Bsal_Synth,18,20,5
ET162,Synth,18,20,1
ET163,Synth,18,20,2
ET164,Synth,18,20,3
ET165,Bd,,20,
ET166,Bsal,,20,
ET167,Media,,20,
ET168,Bd_Synth,0,18,1
ET169,Bd_Synth,0,18,2
ET17,Bd_Synth,6,29,4
ET170,Bd_Synth,0,18,3
ET171,Bd_Synth,0,18,4
ET172,Bd_Synth,0,18,5
ET173,Bsal_Synth,0,18,1
ET174,Bsal_Synth,0,18,2
ET175,Bsal_Synth,0,18,3
ET176,Bsal_Synth,0,18,4
ET177,Bsal_Synth,0,18,5
ET178,Synth,0,18,1
ET179,Synth,0,18,2
ET180,Synth,0,18,3
ET181,Bd_Synth,12,18,1
ET182,Bd_Synth,12,18,2
ET183,Bd_Synth,12,18,3
ET184,Bd_Synth,12,18,4
ET185,Bd_Synth,12,18,5
ET186,Bsal_Synth,12,18,1
ET187,Bsal_Synth,12,18,2
ET188,Bsal_Synth,12,18,3
ET189,Bsal_Synth,12,18,4
ET18,Bd_Synth,6,29,5
ET190,Bsal_Synth,12,18,5
ET192,Ext_Cntrl,,,
ET193,Bd_Synth,18,18,1
ET194,Bd_Synth,18,18,2
ET195,Bd_Synth,18,18,3
ET196,Bd_Synth,18,18,4
ET197,Bd_Synth,18,18,5
ET198,Bsal_Synth,18,18,1
ET199,Bsal_Synth,18,18,2
ET19,Bsal_Synth,6,29,1
ET1,Bd_Synth,0,29,1
ET200,Bsal_Synth,18,18,3
ET201,Bsal_Synth,18,18,4
ET202,Bsal_Synth,18,18,5
ET203,Synth,18,18,1
ET204,Synth,18,18,2
ET205,Synth,18,18,3
ET206,Bd,,18,
ET207,Bsal,,18,
ET208,Media,,18,
ET209,Bd_Synth,0,15,1
ET20,Bsal_Synth,6,29,2
ET210,Bd_Synth,0,15,2
ET211,Bd_Synth,0,15,3
ET212,Bd_Synth,0,15,4
ET213,Bd_Synth,0,15,5
ET214,Bsal_Synth,0,15,1
ET215,Bsal_Synth,0,15,2
ET216,Bsal_Synth,0,15,3
ET217,Bsal_Synth,0,15,4
ET218,Bsal_Synth,0,15,5
ET219,Synth,0,15,1
ET21,Bsal_Synth,6,29,3
ET220,Synth,0,15,2
ET221,Synth,0,15,3
ET222,Bd_Synth,6,15,1
ET223,Bd_Synth,6,15,2
ET224,Bd_Synth,6,15,3
ET225,Bd_Synth,6,15,4
ET226,Bd_Synth,6,15,5
ET227,Bsal_Synth,6,15,1
ET228,Bsal_Synth,6,15,2
ET229,Bsal_Synth,6,15,3
ET22,Bsal_Synth,6,29,4
ET230,Bsal_Synth,6,15,4
ET231,Bsal_Synth,6,15,5
ET232,Synth,6,15,1
ET233,Synth,6,15,2
ET234,Synth,6,15,3
ET235,Bd_Synth,12,15,1
ET236,Bd_Synth,12,15,2
ET237,Bd_Synth,12,15,3
ET238,Bd_Synth,12,15,4
ET239,Bd_Synth,12,15,5
ET23,Bsal_Synth,6,29,5
ET240,Bsal_Synth,12,15,1
ET241,Bsal_Synth,12,15,2
ET242,Bsal_Synth,12,15,3
ET243,Bsal_Synth,12,15,4
ET244,Bsal_Synth,12,15,5
ET245,Synth,12,15,1
ET246,Synth,12,15,2
ET247,Synth,12,15,3
ET248,Bd_Synth,18,15,1
ET249,Bd_Synth,18,15,2
ET24,Synth,6,29,1
ET250,Bd_Synth,18,15,3
ET251,Bd_Synth,18,15,4
ET252,Bd_Synth,18,15,5
ET253,Bsal_Synth,18,15,1
ET254,Bsal_Synth,18,15,2
ET255,Bsal_Synth,18,15,3
ET256,Bsal_Synth,18,15,4
ET257,Bsal_Synth,18,15,5
ET258,Synth,18,15,1
ET259,Synth,18,15,2
ET25,Synth,6,29,2
ET260,Synth,18,15,3
ET261,Bd,,15,
ET262,Bsal,,15,
ET263,Media,,15,
ET264,PCR_cntrl,,,
ET265,Ext_Cntrl,,,
ET266,Synth,12,18,1
ET267,Synth,12,18,2
ET268,Synth,12,18,3
ET280,Synth,6,18,2
ET269,Bd_Synth,6,18,1
ET26,Synth,6,29,3
ET271,Bd_Synth,6,18,3
ET272,Bd_Synth,6,18,4
ET273,Bd_Synth,6,18,5
ET275,Bsal_Synth,6,18,2
ET276,Bsal_Synth,6,18,3
ET278,Bsal_Synth,6,18,5
ET279,Synth,6,18,1
ET27,Bd_Synth,12,29,1
ET36,Bsal_Synth,12,29,5
ET281,Synth,6,18,3
ET28,Bd_Synth,12,29,2
ET29,Bd_Synth,12,29,3
ET2,Bd_Synth,0,29,2
ET30,Bd_Synth,12,29,4
ET31,Bd_Synth,12,29,5
ET32,Bsal_Synth,12,29,1
ET33,Bsal_Synth,12,29,2
ET34,Bsal_Synth,12,29,3
ET35,Bsal_Synth,12,29,4
ET46,Bsal_Synth,18,29,2
ET37,Synth,12,29,1
ET38,Synth,12,29,2
ET39,Synth,12,29,3
ET3,Bd_Synth,0,29,3
ET40,Bd_Synth,18,29,1
ET41,Bd_Synth,18,29,2
ET42,Bd_Synth,18,29,3
ET43,Bd_Synth,18,29,4
ET44,Bd_Synth,18,29,5
ET45,Bsal_Synth,18,29,1
ET56,Bd_Synth,0,25,1
ET47,Bsal_Synth,18,29,3
ET48,Bsal_Synth,18,29,4
ET49,Bsal_Synth,18,29,5
ET4,Bd_Synth,0,29,4
ET50,Synth,18,29,1
ET51,Synth,18,29,2
ET52,Synth,18,29,3
ET53,Bd,,29,
ET54,Bsal,,29,
ET55,Media,,29,
ET66,Synth,0,25,1
ET57,Bd_Synth,0,25,2
ET58,Bd_Synth,0,25,3
ET59,Bd_Synth,0,25,4
ET5,Bd_Synth,0,29,5
ET60,Bd_Synth,0,25,5
ET61,Bsal_Synth,0,25,1
ET62,Bsal_Synth,0,25,2
ET63,Bsal_Synth,0,25,3
ET64,Bsal_Synth,0,25,4
ET65,Bsal_Synth,0,25,5
ET76,Bsal_Synth,6,25,3
ET67,Synth,0,25,2
ET68,Synth,0,25,3
ET69,Bd_Synth,6,25,1
ET6,Bsal_Synth,0,29,1
ET70,Bd_Synth,6,25,2
ET71,Bd_Synth,6,25,3
ET72,Bd_Synth,6,25,4
ET73,Bd_Synth,6,25,5
ET74,Bsal_Synth,6,25,1
ET75,Bsal_Synth,6,25,2
ET86,Bd_Synth,12,25,5
ET77,Bsal_Synth,6,25,4
ET78,Bsal_Synth,6,25,5
ET79,Synth,6,25,1
ET7,Bsal_Synth,0,29,2
ET80,Synth,6,25,2
ET81,Synth,6,25,3
ET82,Bd_Synth,12,25,1
ET83,Bd_Synth,12,25,2
ET84,Bd_Synth,12,25,3
ET85,Bd_Synth,12,25,4
ET96,Ext_Cntrl,,,
ET87,Bsal_Synth,12,25,1
ET88,Bsal_Synth,12,25,2
ET89,Bsal_Synth,12,25,3
ET8,Bsal_Synth,0,29,3
ET90,Bsal_Synth,12,25,4
ET91,Bsal_Synth,12,25,5
ET92,Synth,12,25,1
ET93,Synth,12,25,2
ET94,Synth,12,25,3
ET95,PCR_cntrl,,,
ET97,Bd_Synth,18,25,1
ET98,Bd_Synth,18,25,2
ET99,Bd_Synth,18,25,3
ET9,Bsal_Synth,0,29,4