Feature_ID,Domain,Phylum,Class,Order,Family,Genus,Species,Confidence
9549f9fbbc887f950b60598e681a36a7,Bacteria,,,,,,,0.9786373861
bbf13d2d366b481e85a5f0cfe72b7785,Bacteria,Bacteroidota,Bacteroidia,Sphingobacteriales,Sphingobacteriaceae,Sphingobacterium,Sphingobacterium sp000938735,0.9654969735
3e58000c0604eb15b83aa718d3a6b217,Bacteria,Planctomycetota,Planctomycetia,Pirellulales,,,,0.9945927591
2c40bac7c2414d3191d998e530c4dbdd,Bacteria,Pseudomonadota,Gammaproteobacteria,Pseudomonadales,Pseudomonadaceae,Pseudomonas,,0.9434383624
dcdbb57b64c9c4acbc61e0e4b715d3fa,Bacteria,Pseudomonadota,Gammaproteobacteria,,,,,0.9945472264
2045d6cd950cf77dbe210338c4283595,Bacteria,Pseudomonadota,Gammaproteobacteria,Burkholderiales,Burkholderiaceae,,,0.9960170238
56048441458d71eebf7d299a4b126a24,Bacteria,Bacteroidota,Bacteroidia,Flavobacteriales,Flavobacteriaceae,Flavobacterium,Flavobacterium sp020991455,0.8703892448
0bd5f85deaf7c59e626ad881e7a0bdc5,Bacteria,Bacteroidota,Bacteroidia,Flavobacteriales,Flavobacteriaceae,Flavobacterium,Flavobacterium macrobrachii,0.735918803
92190c70624adc1303701b5b1770d39e,Bacteria,Actinomycetota,Actinomycetes,Actinomycetales,Microbacteriaceae,,,0.9981007294
c2db20a5c7e251736f1aa18ba693b006,Bacteria,Actinomycetota,Actinomycetes,Actinomycetales,Microbacteriaceae,,,0.9603316886
dd55e114b9194054e8e8053c1183d808,Bacteria,Bacteroidota,Bacteroidia,Flavobacteriales,Weeksellaceae,Chryseobacterium,,0.8889816146
5a8afe9b6b394720b78d1a4318fb58d4,Bacteria,Bacteroidota,Bacteroidia,Flavobacteriales,Weeksellaceae,Chryseobacterium,,0.9137176068
81f8134ad67294ddb609c224edd0b0ac,Bacteria,Bacteroidota,Bacteroidia,Chitinophagales,JADIYW01,JADJSS01,JADJSS01 sp016721245,0.9313559944
62875711768685ff5ba100d79f67f757,Bacteria,Bacteroidota,Bacteroidia,Flavobacteriales,Weeksellaceae,Chryseobacterium,,0.9771111863
c536311ec28410299d0f9c3c233c3b32,Bacteria,Bacteroidota,Bacteroidia,Sphingobacteriales,Sphingobacteriaceae,Sphingobacterium,Sphingobacterium sp000938735,0.965724428
2c5c815c80567e03310df42dcab3d0d7,Bacteria,Bacteroidota,Bacteroidia,Sphingobacteriales,Sphingobacteriaceae,Sphingobacterium,Sphingobacterium sp000938735,0.965854497
37fe5404f99059981b5ee97e38c24f8b,Bacteria,Bacteroidota,Bacteroidia,Sphingobacteriales,Sphingobacteriaceae,Sphingobacterium,Sphingobacterium sp000938735,0.9665751108
410252b3dc4c9f279209eb9fbcc499d1,Bacteria,Bacteroidota,Bacteroidia,Sphingobacteriales,Sphingobacteriaceae,Sphingobacterium,Sphingobacterium sp000938735,0.9680273708
c8aff71d9aae53567a75d15ada974fec,Bacteria,Bacteroidota,Bacteroidia,Sphingobacteriales,Sphingobacteriaceae,Sphingobacterium,Sphingobacterium sp000938735,0.9537924936
a1b22d684379d81ae50e717cdd4ebdb9,Bacteria,Bacteroidota,Bacteroidia,Sphingobacteriales,Sphingobacteriaceae,Sphingobacterium,Sphingobacterium sp000938735,0.963892817
eb293072ac7ccc04ff98ac539436dab1,Bacteria,Bacteroidota,Bacteroidia,Sphingobacteriales,Sphingobacteriaceae,Sphingobacterium,Sphingobacterium sp000938735,0.9464267016
a93c3396f15aa6b2dd8e774b674c87c6,Bacteria,Bacteroidota,Bacteroidia,Sphingobacteriales,Sphingobacteriaceae,Sphingobacterium,Sphingobacterium sp000938735,0.9660927794
1f0a91736e3d7d5f2404fda061ea511a,Bacteria,Bacteroidota,Bacteroidia,Sphingobacteriales,Sphingobacteriaceae,Sphingobacterium,Sphingobacterium sp000938735,0.9463092453
44411de4dbb43c64d6f935967684e2ad,Bacteria,Bacteroidota,Bacteroidia,Sphingobacteriales,Sphingobacteriaceae,Sphingobacterium,Sphingobacterium sp000938735,0.9342755853
69b3d951d606c228d5e79a225b9fa6d9,Bacteria,Bacteroidota,Bacteroidia,Flavobacteriales,Weeksellaceae,Chryseobacterium,,0.8152094983
da47f46b981ef907a74832cb34898160,Bacteria,Pseudomonadota,Gammaproteobacteria,Pseudomonadales,Pseudomonadaceae,,,0.7546807243
d8459b85eae93c8be563f0440fc898bf,Bacteria,Bacteroidota,Bacteroidia,Sphingobacteriales,Sphingobacteriaceae,Sphingobacterium,Sphingobacterium sp000938735,0.9727720611
8dfa99460273ec43fabb1f32de7578f0,Bacteria,Patescibacteria,Paceibacteria,UBA9973,,,,0.9053450315
8cbfc1117a871f68c3927312cd52f60c,Bacteria,Bacteroidota,Bacteroidia,Sphingobacteriales,Sphingobacteriaceae,Sphingobacterium,Sphingobacterium multivorum,0.8548752728
d6912090090d412066f7d3b36de77317,Bacteria,,,,,,,0.9999949332
79ef488e453c479cff516710edfd4fce,Bacteria,,,,,,,0.9999994041
bfc3892be49aa83b62a66da09fdb03b5,Bacteria,Actinomycetota,Actinomycetes,Actinomycetales,Microbacteriaceae,,,0.9555368393
d80309562c36929783c3319165558304,Bacteria,Actinomycetota,Actinomycetes,Actinomycetales,Microbacteriaceae,,,0.9521924482
6f7fcb61b66f16fb7604d9d9c779440c,Bacteria,Actinomycetota,Actinomycetes,Mycobacteriales,Mycobacteriaceae,Rhodococcus,Rhodococcus erythropolis,0.8842635249
e724c6ba72885bf62a174c97a3117f73,Bacteria,Pseudomonadota,Gammaproteobacteria,,,,,0.8706347377
9fdeb5c866a9d8201a0ade666d18b78b,Bacteria,Pseudomonadota,Gammaproteobacteria,Enterobacterales,Enterobacteriaceae,Enterobacter,Enterobacter nimipressuralis,0.7970219885
a6d7081384b742b067aa6f0e0df117ec,Bacteria,Pseudomonadota,Gammaproteobacteria,Enterobacterales,,,,0.7041488445
cbbd931f3804e07c63e63be916fa679d,Bacteria,Pseudomonadota,Gammaproteobacteria,Burkholderiales,Burkholderiaceae,,,0.7404335963
38ca4794e4b4c06cc15ee39fdb1e75aa,Bacteria,Pseudomonadota,Gammaproteobacteria,Enterobacterales,Enterobacteriaceae,,,0.978911617
e30b4dc23a2045fc8692dfaccdf8fce1,Bacteria,Pseudomonadota,Gammaproteobacteria,Enterobacterales,Enterobacteriaceae,,,0.9742107133
a26fe76ec3bab2662898ea077854ce96,Bacteria,Pseudomonadota,Gammaproteobacteria,Burkholderiales,Burkholderiaceae,,,0.9425908031
ac1c3b1fdeeae0ce52f762484f13f4e7,Bacteria,Pseudomonadota,Gammaproteobacteria,Enterobacterales,Enterobacteriaceae,Enterobacter,Enterobacter nimipressuralis,0.7652082935
011d08c61a74de9df626461a2ababeb7,Bacteria,Pseudomonadota,Gammaproteobacteria,Burkholderiales,Burkholderiaceae,,,0.8606015294
225d63a6cdcf5e62f26f381b3cd9d206,Bacteria,Pseudomonadota,Gammaproteobacteria,Enterobacterales,Enterobacteriaceae,Enterobacter,Enterobacter nimipressuralis,0.8163558918
8e5be7261bf6e76b7728c7fe94bb0e5d,Bacteria,Pseudomonadota,Gammaproteobacteria,Enterobacterales,Enterobacteriaceae,Enterobacter,Enterobacter nimipressuralis,0.7920496789
b1cc23d6e4ecfc912e73ce1ab326b8fb,Bacteria,Pseudomonadota,Gammaproteobacteria,Enterobacterales,Enterobacteriaceae,,,0.8402285116
ec31b3f1b502524e4a7fb01a0de0d426,Bacteria,Pseudomonadota,Gammaproteobacteria,Enterobacterales,Enterobacteriaceae,Enterobacter,Enterobacter nimipressuralis,0.7215639342
0fb10fb349e64c9304d25336e931725e,Bacteria,Pseudomonadota,Gammaproteobacteria,Enterobacterales,Enterobacteriaceae,Enterobacter,Enterobacter nimipressuralis,0.7690458507
49fcd54c8047413622d5ff8ecae925ad,Bacteria,Pseudomonadota,Gammaproteobacteria,Enterobacterales,Enterobacteriaceae,Enterobacter,Enterobacter nimipressuralis,0.8785592698
df6d5b0b6f6755467118329477ecbaa3,Bacteria,Pseudomonadota,Gammaproteobacteria,Enterobacterales,Enterobacteriaceae,Enterobacter,Enterobacter nimipressuralis,0.8396660268
efa45410d12184d1f10c6f65f96761d8,Bacteria,Pseudomonadota,Gammaproteobacteria,Enterobacterales,Enterobacteriaceae,Enterobacter,Enterobacter nimipressuralis,0.8396619223
f042363d0c8e218840d4a407baa178f7,Bacteria,Pseudomonadota,Gammaproteobacteria,Enterobacterales,Enterobacteriaceae,Enterobacter,Enterobacter nimipressuralis,0.8756526939
4dc9f6af7e8a784a60831be549d22f9c,Bacteria,Pseudomonadota,Gammaproteobacteria,,,,,0.9992871749
e37868e5d51122b444e6069d1b13f0ae,Bacteria,Pseudomonadota,Gammaproteobacteria,Enterobacterales,Enterobacteriaceae,Enterobacter,Enterobacter nimipressuralis,0.7655121101
e422a0f1491bbb99e9a4d36e5e4f855d,Bacteria,Pseudomonadota,Gammaproteobacteria,Enterobacterales,Enterobacteriaceae,,,0.7865952266
460fc1a5ff400ca979121147bb031624,Bacteria,Actinomycetota,Actinomycetes,Mycobacteriales,Mycobacteriaceae,,,0.7088657223
b18631f481ad7793843fef914be2bbeb,Bacteria,Pseudomonadota,Gammaproteobacteria,Enterobacterales,Enterobacteriaceae,Ewingella,Ewingella psychrotolerans,0.8859103932
9415f35a45c07a078f27e25726e392d1,Bacteria,Pseudomonadota,Gammaproteobacteria,Enterobacterales,Enterobacteriaceae,Ewingella,Ewingella psychrotolerans,0.829437778
15495eea24c647ec6b7312cdef79dbb1,Bacteria,Pseudomonadota,Gammaproteobacteria,Enterobacterales,Enterobacteriaceae,Ewingella,Ewingella psychrotolerans,0.8198472618
0b3977b89a61681778358399276a0902,Bacteria,Bacteroidota,Bacteroidia,Flavobacteriales,Weeksellaceae,Chryseobacterium,,0.9977359903
4370a13ed9c7406106354d5222ec782b,Bacteria,Pseudomonadota,Gammaproteobacteria,Enterobacterales,Enterobacteriaceae,Ewingella,Ewingella psychrotolerans,0.709586833
be04f185ff255be5b576c0610491bfa5,Bacteria,Pseudomonadota,Gammaproteobacteria,Pseudomonadales,Moraxellaceae,Acinetobacter,Acinetobacter sp000313935,0.9481327458
07297af818450a3106cb634105be2c46,Bacteria,Pseudomonadota,Gammaproteobacteria,Pseudomonadales,Moraxellaceae,Acinetobacter,Acinetobacter sp000313935,0.8822349248
5fd072b6fa1cc926d813bf19e063f19d,Bacteria,Pseudomonadota,Gammaproteobacteria,Pseudomonadales,Moraxellaceae,Acinetobacter,Acinetobacter sp000313935,0.7820156149
f5406cbc01143c53a52d1959e3812bf8,Bacteria,Pseudomonadota,Gammaproteobacteria,Burkholderiales,Burkholderiaceae,,,0.970355186
c59da2bb3595a10ac92246d09da37c81,Bacteria,Pseudomonadota,Gammaproteobacteria,,,,,0.9995030335
61b57cc96259674d785906d6d93200d1,Bacteria,Pseudomonadota,Gammaproteobacteria,Pseudomonadales,Pseudomonadaceae,Pseudomonas,,0.9753897069
2761b94317c6c4130d7f478b6952efd6,Bacteria,Pseudomonadota,Gammaproteobacteria,Pseudomonadales,Pseudomonadaceae,Pseudomonas,Pseudomonas,0.851491578
6a8e8ca288fcf7291c22087b286630b9,Bacteria,Pseudomonadota,Gammaproteobacteria,Pseudomonadales,Pseudomonadaceae,Pseudomonas,,0.9513043105
904b5f5c8460625cabbe4d9ba3db747b,Bacteria,Pseudomonadota,Gammaproteobacteria,Burkholderiales,Burkholderiaceae,,,0.9975466709
783ea58c5be692529a022944ba9c2bf0,Bacteria,Pseudomonadota,Gammaproteobacteria,Pseudomonadales,Pseudomonadaceae,Pseudomonas,Pseudomonas,0.7313334749
eb19eef62c8498379a19f8b7f62db816,Bacteria,Pseudomonadota,Gammaproteobacteria,Burkholderiales,Burkholderiaceae,,,0.9493205638
496d102be3726dc86491534c67570b4b,Bacteria,Actinomycetota,Actinomycetes,Mycobacteriales,Mycobacteriaceae,Rhodococcus,Rhodococcus erythropolis,0.9320701243
b06933d3795ce09c5ce8d71757788240,Bacteria,Actinomycetota,Actinomycetes,Actinomycetales,Microbacteriaceae,,,0.9736362967
f46ccaadd41353549e954e6d72866d95,Bacteria,Actinomycetota,Actinomycetes,Actinomycetales,Microbacteriaceae,,,0.8661526094
f5bfd0bdd9b0623882e6d8eea4b87dd0,Bacteria,Pseudomonadota,Gammaproteobacteria,Enterobacterales,Enterobacteriaceae,Ewingella,Ewingella psychrotolerans,0.8073595275
5e8f4391f239db4f0993bd9fa6aea65f,Bacteria,Pseudomonadota,Gammaproteobacteria,Enterobacterales,Enterobacteriaceae,Ewingella,Ewingella psychrotolerans,0.7997353569
d0b12ab31b313551ff16dca6b2750a24,Bacteria,Pseudomonadota,Gammaproteobacteria,Pseudomonadales,Pseudomonadaceae,Pseudomonas,,0.9806906301
517f857fa30db0f8d87bb70d43fa8eba,Bacteria,Pseudomonadota,Gammaproteobacteria,Pseudomonadales,,,,0.7776254698
8d63c397cad9b531361d15949768ee90,Bacteria,Pseudomonadota,Gammaproteobacteria,Pseudomonadales,Pseudomonadaceae,Pseudomonas,,0.9650205028
a79056899e78a133d2662737166c4a5b,Bacteria,Pseudomonadota,Gammaproteobacteria,Pseudomonadales,Pseudomonadaceae,Pseudomonas,,0.9478816524
6f7f37977198072892ad26eb0b2c5e52,Bacteria,Pseudomonadota,Gammaproteobacteria,,,,,0.9985570599
e9c70d2d76e1d64d8ea86573f2ec8c9b,Bacteria,Pseudomonadota,Gammaproteobacteria,Pseudomonadales,Pseudomonadaceae,Pseudomonas,,0.9283793163
c8ee52cd9a779100e9d1f6f189ce417e,Bacteria,Pseudomonadota,Gammaproteobacteria,Pseudomonadales,Pseudomonadaceae,Pseudomonas,,0.991919105
720a9037cc48e6206f0cb4c6c1449da4,Bacteria,Pseudomonadota,Gammaproteobacteria,Pseudomonadales,Pseudomonadaceae,Pseudomonas,,0.8522575337
70250f701d5a8db0fed071844f2d6c96,Bacteria,Pseudomonadota,Gammaproteobacteria,Pseudomonadales,Pseudomonadaceae,Pseudomonas,,0.9781016936
04912bec20cdb82b14121fafd2bb631b,Bacteria,Pseudomonadota,Gammaproteobacteria,Pseudomonadales,Pseudomonadaceae,Pseudomonas,,0.9882483412
a0a066972dedbbbc4dd5b1482a39f72b,Bacteria,Pseudomonadota,Gammaproteobacteria,Pseudomonadales,Pseudomonadaceae,Pseudomonas,,0.9807859072
26a949c38e01fa8fe02f7c6d0e6de5e6,Bacteria,Pseudomonadota,Gammaproteobacteria,Pseudomonadales,Pseudomonadaceae,Pseudomonas,,0.9926518122
8dfa9e284e9acb59297a3865d4dde09b,Bacteria,Pseudomonadota,Gammaproteobacteria,Pseudomonadales,Pseudomonadaceae,Pseudomonas,,0.9853180212
e9b14dc1059610dcdfbc0fe0811c2f70,Bacteria,Pseudomonadota,Gammaproteobacteria,Pseudomonadales,Pseudomonadaceae,Pseudomonas,,0.9674248676
169f2b227021c0a6e3f07d6adc18b2a6,Bacteria,Pseudomonadota,Gammaproteobacteria,Pseudomonadales,Pseudomonadaceae,Pseudomonas,,0.9750040593
5bd1e450e46109c881d6643ef0aa7c28,Bacteria,Pseudomonadota,Gammaproteobacteria,Pseudomonadales,Pseudomonadaceae,Pseudomonas,,0.9737406645
4a93b228f3f09e0cccd44252974c5eaf,Bacteria,Pseudomonadota,Gammaproteobacteria,Pseudomonadales,Pseudomonadaceae,Pseudomonas,,0.9664262413
a12715088997ed5aa47bf187a0c55440,Bacteria,Pseudomonadota,Gammaproteobacteria,Pseudomonadales,Pseudomonadaceae,Pseudomonas,,0.9958112902
6516d48c18ecc90cf883709be686a0ca,Bacteria,Pseudomonadota,Gammaproteobacteria,Pseudomonadales,Pseudomonadaceae,Pseudomonas,,0.9787494898
e4b278e99afbd9997e4cad0035abea44,Bacteria,Pseudomonadota,Gammaproteobacteria,,,,,0.9986170788
10eb523b85efc4c774937abc4e449e50,Bacteria,Pseudomonadota,Gammaproteobacteria,Burkholderiales,Burkholderiaceae,,,0.8950774787
14cadc578d790c6b0eae0f4bc44ad5f1,Bacteria,Pseudomonadota,Gammaproteobacteria,Enterobacterales,,,,0.886684218
7d8f18fa159e295e003036195dce412a,Bacteria,Pseudomonadota,Gammaproteobacteria,,,,,0.988181351
81898d41255eaf3a39c350391dfb5204,Bacteria,Pseudomonadota,Gammaproteobacteria,Enterobacterales,,,,0.878725521
d2fc246f41a69b474e4d4aaae3afcd44,Bacteria,Pseudomonadota,Gammaproteobacteria,Enterobacterales,,,,0.7032803268
e0fe8b6c077f5a650c34f1765fadb97b,Bacteria,Pseudomonadota,Gammaproteobacteria,Pseudomonadales,Pseudomonadaceae,Pseudomonas,,0.9600947965
50046e2612feb518e10d2b9c3e5ee0d4,Bacteria,Pseudomonadota,Gammaproteobacteria,Enterobacterales,Enterobacteriaceae,,,0.7034564875
b7d9ad9b3a0a85893dffee68323785c6,Bacteria,Pseudomonadota,Gammaproteobacteria,Burkholderiales,Burkholderiaceae,,,0.7526355711
b7d380273cd3c96b12e598eebccda43f,Bacteria,Pseudomonadota,Gammaproteobacteria,,,,,0.9763494589
fea06c7a47f503a0ba01af2b39c0e3ec,Bacteria,Pseudomonadota,Gammaproteobacteria,Pseudomonadales,Pseudomonadaceae,Pseudomonas,,0.9616043469
5c62257f6d20df4e71a682324a5c5c69,Bacteria,Pseudomonadota,Gammaproteobacteria,,,,,0.9919834623
dfa2e76e0a9c05f53160aaa0730d1ecc,Bacteria,Pseudomonadota,Gammaproteobacteria,Enterobacterales,,,,0.7769212281
1760370747b70969da15a97a5676a32f,Bacteria,Pseudomonadota,Gammaproteobacteria,Pseudomonadales,Pseudomonadaceae,Pseudomonas,,0.9006159544
a92665e6893e4d2960b4af1189d86dfb,Bacteria,Pseudomonadota,Gammaproteobacteria,Burkholderiales,,,,0.732132945
486bccf3e77898307de17e8ae10ae7a4,Bacteria,Pseudomonadota,Gammaproteobacteria,Burkholderiales,,,,0.8381176365
ff99f4a005a32ba8e924ffa63ade76c9,Bacteria,Pseudomonadota,Gammaproteobacteria,Enterobacterales,Enterobacteriaceae,,,0.8589892134
2ad780a74158ebf2711633f1051ef64b,Bacteria,Pseudomonadota,Gammaproteobacteria,Burkholderiales,Burkholderiaceae,Achromobacter,Achromobacter marplatensis,0.7447141094
4f1f0193cd2283bc653c1667a451d062,Bacteria,Pseudomonadota,Gammaproteobacteria,Pseudomonadales,Pseudomonadaceae,Pseudomonas,Pseudomonas,0.9476480859
3f182c4ff8652557df08996d78f0ac7a,Bacteria,Pseudomonadota,Gammaproteobacteria,Pseudomonadales,Pseudomonadaceae,Pseudomonas,Pseudomonas,0.9569623516
68c229b6caf7e93021abd8f1729a70dd,Bacteria,Pseudomonadota,Gammaproteobacteria,Burkholderiales,Burkholderiaceae,,,0.9510522794
4571493e12ed36628f526ad1918119dc,Bacteria,Pseudomonadota,Gammaproteobacteria,Burkholderiales,Burkholderiaceae,,,0.990131229
0fbe54e967622bc24a9a5847cafeffbf,Bacteria,Pseudomonadota,Gammaproteobacteria,Burkholderiales,Burkholderiaceae,,,0.8049450275
1f95a7e89b4d4e2749d7c4ab6dcfaf8b,Bacteria,Pseudomonadota,Gammaproteobacteria,Chromatiales,Chromatiaceae,,,0.9376822427
2c62a2b9d8e96a03ff75c6194511ce21,Bacteria,Pseudomonadota,Gammaproteobacteria,Burkholderiales,Burkholderiaceae,,,0.9792909703
c56690922acc2b32a5574d2b740fafa8,Bacteria,Pseudomonadota,Gammaproteobacteria,Pseudomonadales,Moraxellaceae,Acinetobacter,Acinetobacter sp000313935,0.9824853762
17d6975e365277154dacf759194882f2,Bacteria,Pseudomonadota,Gammaproteobacteria,Xanthomonadales,Xanthomonadaceae,Stenotrophomonas,Stenotrophomonas sp030549615,0.8186584041
15755ba0a06cf56c0b503be2f7e10a57,Bacteria,Pseudomonadota,Gammaproteobacteria,Enterobacterales,,,,0.8670271456
0b77847037334be4d702d182645e84a2,Bacteria,Pseudomonadota,Gammaproteobacteria,Pseudomonadales,Pseudomonadaceae,Pseudomonas,,0.9078018029
e728d963bcd623a83b6cf9544ddfc88f,Bacteria,Pseudomonadota,Gammaproteobacteria,Pseudomonadales,Pseudomonadaceae,Pseudomonas,,0.9127070348
4c2ec35c2ea4b4bceb3465bf74d6fb18,Bacteria,Pseudomonadota,Gammaproteobacteria,Enterobacterales,Enterobacteriaceae,Enterobacter,Enterobacter nimipressuralis,0.717506296
032519ac6c7587cec054dbfe0c3034c6,Bacteria,Pseudomonadota,Gammaproteobacteria,Enterobacterales,Enterobacteriaceae,Enterobacter,Enterobacter nimipressuralis,0.7460771826
ff8d7fc302863740bf49251b09141dac,Bacteria,Pseudomonadota,Gammaproteobacteria,Burkholderiales,Burkholderiaceae,,,0.9032340987
a871ad65d4bd7faa96918479e2cfb51c,Bacteria,Pseudomonadota,Gammaproteobacteria,Enterobacterales,,,,0.9033643386
6eebb2dfcc6356cbe1ab2b29560ed2dc,Bacteria,Pseudomonadota,Gammaproteobacteria,Burkholderiales,Burkholderiaceae,,,0.925027216
eab258c7dcf01c911a3c7dcc23167a80,Bacteria,Pseudomonadota,Gammaproteobacteria,Burkholderiales,Burkholderiaceae,,,0.9685761794
8488f3ebe3247a9b82cae2487def84b8,Bacteria,Pseudomonadota,Gammaproteobacteria,Burkholderiales,Burkholderiaceae,Achromobacter,,0.8288887087
17d44cae7c952509093431588ab573a0,Bacteria,Pseudomonadota,Gammaproteobacteria,,,,,0.9895527992
6d2e80574c67cffedd54ee248c462260,Bacteria,Pseudomonadota,Gammaproteobacteria,Enterobacterales,Enterobacteriaceae,,,0.7545803263
52a334cd3e5a49d006cebd652266c5da,Bacteria,Bacillota,Bacilli,Lactobacillales,Lactobacillaceae,Limosilactobacillus,Limosilactobacillus mucosae,0.9798375468
ede4a4f9e5511687a8a07aec4adc4178,Bacteria,Pseudomonadota,Gammaproteobacteria,,,,,0.9988664792
59bd35e328de08f5147da301dc82919d,Bacteria,Pseudomonadota,Gammaproteobacteria,,,,,0.9988559425
0e8820bb0addb036ebedbd61d83b21a0,Bacteria,Pseudomonadota,Gammaproteobacteria,,,,,0.9952976135
876186bc478a4bda95ab20bdb90bb7e4,Bacteria,Pseudomonadota,Gammaproteobacteria,Burkholderiales,Burkholderiaceae,,,0.872343113
8440ae59692d62e640f240d4d3358476,Bacteria,Pseudomonadota,Gammaproteobacteria,Burkholderiales,Burkholderiaceae,,,0.9876435949
6c6b290d6020cb34004b640fe9c336a1,Bacteria,Pseudomonadota,Gammaproteobacteria,Burkholderiales,Burkholderiaceae,,,0.9990546314
4dbed30c335c8e258089c8529dc639e7,Bacteria,Pseudomonadota,Gammaproteobacteria,Burkholderiales,Burkholderiaceae,,,0.9491930459
7797c4d70e05fa4b2e4dce0c6a303df8,Bacteria,Pseudomonadota,Gammaproteobacteria,Pseudomonadales,Pseudomonadaceae,Pseudomonas,,0.9806704453
7ba72facf2864c2a1cff5a8565e4ef7d,Bacteria,Pseudomonadota,Gammaproteobacteria,Methylococcales,Methylomonadaceae,,,0.9592502436
9829f87fb54af2200823bb46070ff507,Bacteria,Pseudomonadota,Gammaproteobacteria,,,,,0.9840568575
1583277ef304784d39fed704232dc7e7,Bacteria,Pseudomonadota,Gammaproteobacteria,Methylococcales,Methylomonadaceae,,,0.9342430338
58a1783db61f7787336c01c4d7c89e3c,Bacteria,Pseudomonadota,Gammaproteobacteria,Methylococcales,Methylomonadaceae,,,0.9568594476
310226129f63b74f09c3e9eb49d361a2,Bacteria,Pseudomonadota,Gammaproteobacteria,Burkholderiales,Burkholderiaceae,,,0.8840487414
7499758750095d0a248d99bf34ea7487,Bacteria,Pseudomonadota,Gammaproteobacteria,Pseudomonadales,Pseudomonadaceae,Pseudomonas,,0.7219903375
5cd8d0a436702c21f3ad20d2c078e5e5,Bacteria,Pseudomonadota,Gammaproteobacteria,Burkholderiales,Burkholderiaceae,,,0.7720318898
ff937faef04d121f21b6b9c86f0f82b8,Bacteria,Pseudomonadota,Gammaproteobacteria,Pseudomonadales,Moraxellaceae,Acinetobacter,Acinetobacter sp000313935,0.827722038
6473df80841f1f27f919aa226c6db29e,Bacteria,Pseudomonadota,Gammaproteobacteria,Xanthomonadales,Xanthomonadaceae,Stenotrophomonas,Stenotrophomonas nematodicola,0.7709996396
92e418da51befeaa16e6a0cacfa4a41f,Bacteria,Pseudomonadota,Gammaproteobacteria,Pseudomonadales,Moraxellaceae,,,0.7402765001
ecddea0a9a36c90ff5d5bf461ecc415b,Bacteria,Bacillota,Clostridia,Clostridiales,Clostridiaceae,Clostridium,Clostridium lentum,0.916228951
df8852b873754ed4b6975d85247d22e6,Bacteria,Actinomycetota,Actinomycetes,Actinomycetales,Microbacteriaceae,,,0.9969484722
6c8fc7f34f5493d6f973a38827523695,Bacteria,Actinomycetota,Actinomycetes,Actinomycetales,Microbacteriaceae,,,0.9827304124
dd3f0be6bccf41345e17ca163433ce05,Bacteria,,,,,,,0.9999991595
7072912c03b6c8ec9b7aef9362f5416b,Bacteria,Pseudomonadota,Gammaproteobacteria,Pseudomonadales,Moraxellaceae,Acinetobacter,Acinetobacter sp000313935,0.786036322
088932bf4882acc0528513c58b131938,Bacteria,,,,,,,0.9999928664
f002691bbdedff0257e20994100f3f88,Bacteria,Pseudomonadota,Gammaproteobacteria,Enterobacterales,Enterobacteriaceae,,,0.7614236111
e5c8a7a3a7412d0d06828918c127f879,Bacteria,Pseudomonadota,Gammaproteobacteria,Pseudomonadales,Pseudomonadaceae,Pseudomonas,,0.9649282767
c9e0c9e84e62bf7600a0226da4320a19,Bacteria,Bacteroidota,Bacteroidia,Sphingobacteriales,Sphingobacteriaceae,Sphingobacterium,Sphingobacterium sp000938735,0.9747681235
6fb2232475b2d1e43c8da96ad8fa853f,Bacteria,Pseudomonadota,Gammaproteobacteria,Pseudomonadales,Pseudomonadaceae,,,0.9621271975
50e92dc95793803d5e29320799bec7c8,Bacteria,Pseudomonadota,Gammaproteobacteria,Enterobacterales,Enterobacteriaceae,,,0.9022959149
21629242cdc02b0aaedb78e8ea84d4f1,Bacteria,Pseudomonadota,Gammaproteobacteria,Pseudomonadales,Moraxellaceae,Acinetobacter,Acinetobacter sp000313935,0.9535148809
f7ed6936ec66a69c7a1f63a3737dbda4,Bacteria,Pseudomonadota,Gammaproteobacteria,Pseudomonadales,Moraxellaceae,Acinetobacter,Acinetobacter sp000313935,0.9047738136
6584e995753268a7e712568ee330c61f,Bacteria,Pseudomonadota,Gammaproteobacteria,Pseudomonadales,Moraxellaceae,Acinetobacter,Acinetobacter sp000313935,0.8319732056
0f5faebc5a821bbd8fbb8c7987eda3f9,Bacteria,Pseudomonadota,Gammaproteobacteria,Pseudomonadales,Moraxellaceae,Acinetobacter,Acinetobacter sp000313935,0.9600708569
8ad5868935e7718d7f759c8a93ceb69a,Bacteria,Pseudomonadota,Gammaproteobacteria,Pseudomonadales,Moraxellaceae,Acinetobacter,Acinetobacter sp000313935,0.959619115
16b20277093235ede472a9e6ffcb35d5,Bacteria,Pseudomonadota,Gammaproteobacteria,Pseudomonadales,Moraxellaceae,Acinetobacter,Acinetobacter sp000313935,0.9936185877
d1ef10993e9ad8123a1f1310bad00e81,Bacteria,Pseudomonadota,Gammaproteobacteria,Pseudomonadales,Moraxellaceae,Acinetobacter,Acinetobacter sp000313935,0.9160183263
5f10eff0cd247f79b8366fc367e63242,Bacteria,Pseudomonadota,Gammaproteobacteria,Pseudomonadales,Pseudomonadaceae,Pseudomonas,,0.802448367
7299d35d81a44f29fe7e8aa72aa04b32,Bacteria,Pseudomonadota,Gammaproteobacteria,Burkholderiales,Burkholderiaceae,,,0.8589284265
68e94bbbac009196984a175ae5658038,Bacteria,Pseudomonadota,Gammaproteobacteria,Burkholderiales,Burkholderiaceae,,,0.7728824541
adb813b8aac6534a19b98e0f7b8ab90b,Bacteria,Pseudomonadota,Gammaproteobacteria,Pseudomonadales,Pseudomonadaceae,,,0.7852656117
ddf3422b7cf4874975b39bafc8ae58c5,Bacteria,Pseudomonadota,Gammaproteobacteria,Burkholderiales,Burkholderiaceae,,,0.9312907194
c6f2465d93447929904f51c709ee16d3,Bacteria,Pseudomonadota,Gammaproteobacteria,,,,,0.8490062756
134d093813a01702782c14628f4f805f,Bacteria,Pseudomonadota,Gammaproteobacteria,Pseudomonadales,Halieaceae,Halioglobus,,0.8090982071
477e00aef006fd11277e002d9e0114f5,Bacteria,Pseudomonadota,Gammaproteobacteria,Pseudomonadales,Moraxellaceae,Acinetobacter,Acinetobacter sp000313935,0.9666771047
5ae6e5099c88b9602ed5646a44941005,Bacteria,Pseudomonadota,Gammaproteobacteria,,,,,0.9979689702
45036b6f430bf3a7bcfceff0cb7f2481,Bacteria,Pseudomonadota,Gammaproteobacteria,Burkholderiales,Burkholderiaceae,Achromobacter,,0.7746964138
6ee4eddda8abb5291e01ad6ac4de233b,Bacteria,Pseudomonadota,Gammaproteobacteria,Pseudomonadales,Pseudomonadaceae,Pseudomonas,,0.988987233
ede570ca4acb5e3d1d92f6e454d99c38,Bacteria,Pseudomonadota,Gammaproteobacteria,Pseudomonadales,Pseudomonadaceae,Pseudomonas,,0.9877575896
a321b7997141ce935928f2f2019e30b4,Bacteria,Pseudomonadota,Gammaproteobacteria,Xanthomonadales,Xanthomonadaceae,Stenotrophomonas,Stenotrophomonas sp030549615,0.7696338059
9ffca58e241db8ee94825c1cd710972a,Bacteria,Pseudomonadota,Gammaproteobacteria,Pseudomonadales,Pseudomonadaceae,Pseudomonas,,0.9370954204
0f75a307d6a6f573e8a6a71de0fb224f,Bacteria,Pseudomonadota,Gammaproteobacteria,,,,,0.9867393541
11c976329fc1b8d86e0a2ff647e7e0b6,Bacteria,Elusimicrobiota,Elusimicrobia,2-01-FULL-59-12,2-01-FULL-59-12,2-01-FULL-59-12,2-01-FULL-59-12 sp001800075,0.8831198242
19be4948aed1024f8efdb72078452239,Bacteria,Pseudomonadota,Gammaproteobacteria,Enterobacterales,,,,0.9667995641
dde8d6003fe6264624593738a5c888e7,Bacteria,Bacillota,Bacilli,Lactobacillales,Lactobacillaceae,Limosilactobacillus,Limosilactobacillus mucosae,0.9661726271
d161e7d8afadacc8e96e1f8896a228ae,Bacteria,Pseudomonadota,Gammaproteobacteria,Enterobacterales,Enterobacteriaceae,Enterobacter,Enterobacter nimipressuralis,0.7688846455
36a3850bee7eb95d1f1ee5984a2c2a4b,Bacteria,Pseudomonadota,Gammaproteobacteria,Enterobacterales,Enterobacteriaceae,Ewingella,Ewingella psychrotolerans,0.8575019743
fec72b38ad3a2adc2228c717859cf292,Bacteria,Pseudomonadota,Gammaproteobacteria,Enterobacterales,Enterobacteriaceae,,,0.7836122229
a1e4f198ea15fc9ca61b6458b5dfcb01,Bacteria,Pseudomonadota,Gammaproteobacteria,Pseudomonadales,Pseudomonadaceae,Pseudomonas,,0.9826682387
425053d2655819369ad09889ecc610e7,Bacteria,Pseudomonadota,Gammaproteobacteria,Xanthomonadales,Xanthomonadaceae,Stenotrophomonas,,0.7515737245
42d8bd7d553d6b52b02dbef5903bc35e,Bacteria,Pseudomonadota,Gammaproteobacteria,Enterobacterales,,,,0.9414824565
365122116f1c9ea3b305ca2338d8c419,Bacteria,Pseudomonadota,Gammaproteobacteria,Enterobacterales,Enterobacteriaceae,Enterobacter,Enterobacter nimipressuralis,0.7045397609
aecd282aaafa930a63f5f49d761eba98,Bacteria,Bacteroidota,Bacteroidia,Sphingobacteriales,Sphingobacteriaceae,Sphingobacterium,Sphingobacterium sp000938735,0.9708112761
e59087468f6263ed160c6fdbdefb7bda,Bacteria,Pseudomonadota,Gammaproteobacteria,Xanthomonadales,Xanthomonadaceae,Pseudoxanthomonas,Pseudoxanthomonas taiwanensis,0.8072978183
4fec9d8dcb8c6f4a234d64760fba27b6,Bacteria,Pseudomonadota,Gammaproteobacteria,Enterobacterales,Enterobacteriaceae,,,0.7739229392
e578f0bb75e7c784818bd0bbc8336574,Bacteria,Pseudomonadota,Gammaproteobacteria,Burkholderiales,Burkholderiaceae,,,0.7847157429
fc187add5c507473faf26233c9af8256,Bacteria,Pseudomonadota,Gammaproteobacteria,,,,,0.7726564844
1e1c577a5cca6834f66c517bb708e816,Bacteria,Pseudomonadota,Gammaproteobacteria,Enterobacterales,,,,0.8185372578
d1c6e4d628f41f173fe285961f40606a,Bacteria,Pseudomonadota,Gammaproteobacteria,Xanthomonadales,Xanthomonadaceae,Stenotrophomonas,,0.8126683528
80816c6e378471b98d1a928c731a3624,Bacteria,Pseudomonadota,Gammaproteobacteria,Burkholderiales,Burkholderiaceae,,,0.9658027885
8a0540f231302a0be7344975ae2f5356,Bacteria,Pseudomonadota,Gammaproteobacteria,Xanthomonadales,Xanthomonadaceae,Stenotrophomonas,,0.9610402199
55eb9fcf87f35dae07bf3d63c3da1976,Bacteria,Pseudomonadota,Gammaproteobacteria,Xanthomonadales,Xanthomonadaceae,Stenotrophomonas,Stenotrophomonas sp030549615,0.8315948911
a1c0b3d8e7456cfc036d60ca169b896b,Bacteria,Pseudomonadota,Gammaproteobacteria,Xanthomonadales,Xanthomonadaceae,Stenotrophomonas,,0.9547209288
d9260b962c9387844dca74464624ed3c,Bacteria,Pseudomonadota,Gammaproteobacteria,Xanthomonadales,Xanthomonadaceae,Stenotrophomonas,,0.9205190012
647a210575beaac838352d6549aed672,Bacteria,Pseudomonadota,Gammaproteobacteria,Enterobacterales,,,,0.9376163097
5502087af067a99f72bfa27e7976af90,Bacteria,Pseudomonadota,Gammaproteobacteria,Pseudomonadales,Pseudomonadaceae,Pseudomonas,,0.9134289133
28b159ac1217395d268549c300045585,Bacteria,Pseudomonadota,Gammaproteobacteria,Xanthomonadales,Xanthomonadaceae,Stenotrophomonas,Stenotrophomonas nematodicola,0.7946529969
0c5a7f6b877d9599567dd6525fbd8df6,Bacteria,Pseudomonadota,Gammaproteobacteria,Pseudomonadales,Pseudomonadaceae,Pseudomonas,,0.9727819993
050ebd37dcde2598068171c9deb6622e,Bacteria,Pseudomonadota,Gammaproteobacteria,Pseudomonadales,Pseudomonadaceae,Pseudomonas,,0.9673007194
2230a1f5e7327142c0513edc8b34e83e,Bacteria,Pseudomonadota,Gammaproteobacteria,Xanthomonadales,Xanthomonadaceae,Stenotrophomonas,,0.8423532521
2e503fa0a1349f7d61bcd46168d12250,Bacteria,Pseudomonadota,Gammaproteobacteria,Xanthomonadales,Xanthomonadaceae,Stenotrophomonas,,0.8008567658
7f754e1ac411a8e4cebaeb57ba10e610,Bacteria,Actinomycetota,Actinomycetes,Actinomycetales,Microbacteriaceae,,,0.9533466944
be9b2cc5cf5f80b1f78576ee736b7afd,Bacteria,Omnitrophota,Koll11,Zapsychrales,Fredricksoniimonadaceae,GCA-2753745,,0.8817985473
1e783afa2ca4dbe69febd8d73a2ec36b,Bacteria,Omnitrophota,Koll11,Gygaellales,Profunditerraquicolaceae,,,0.9969853842
1b9c94201f153ae0d3f4912bc7a04d38,Bacteria,Bacteroidota,Bacteroidia,Flavobacteriales,Crocinitomicaceae,UBA952,,0.8926746442
e60613185a416d1cc6f657057dd7604c,Bacteria,Bacteroidota,Bacteroidia,Flavobacteriales,Crocinitomicaceae,UBA952,,0.8119608821
6ffbb723f7042e1b3f1ffca8379c1d2e,Bacteria,Bacteroidota,Bacteroidia,Flavobacteriales,Crocinitomicaceae,JAQVCM01,JAQVCM01 sp945897805,0.9658127191
ba957189051f3cffe6367ecaebb43f2a,Bacteria,Nitrospirota,Nitrospiria,Nitrospirales,UBA8639,UBA8639,UBA8639 sp021604105,0.9398958049
8032ad70102cdc3fe0367b03135a064a,Bacteria,Actinomycetota,Actinomycetes,Actinomycetales,Microbacteriaceae,,,0.8697327764
b16a6f4b0a3e5ef0a2519ffce12b829c,Bacteria,Actinomycetota,Actinomycetes,Actinomycetales,Microbacteriaceae,,,0.905545403
abf9d37a46a7dc2dbb28a04c7a9bfa0c,Bacteria,Actinomycetota,Actinomycetes,Actinomycetales,Microbacteriaceae,,,0.940481558
41202f2b2a814c5810bda4401608879c,Bacteria,Actinomycetota,Actinomycetes,Actinomycetales,Microbacteriaceae,,,0.7017365981
501847958e411cff32dc9884579500ea,Bacteria,Actinomycetota,Actinomycetes,Actinomycetales,Microbacteriaceae,,,0.7748534272
1810e5055e5d979f18fb03c3324408cc,Bacteria,Actinomycetota,Actinomycetes,Actinomycetales,Microbacteriaceae,,,0.9980258806
f43be3a61da4239f7fe0e16926362981,Bacteria,Actinomycetota,Actinomycetes,Actinomycetales,Microbacteriaceae,,,0.9973907087
64047d5a95cbc8c9e631481df51b7bb5,Bacteria,Actinomycetota,Actinomycetes,Actinomycetales,Microbacteriaceae,,,0.9978969862
f8f57c6af1cee87cb6427d422ec9b7fb,Bacteria,Actinomycetota,Actinomycetes,Actinomycetales,Microbacteriaceae,,,0.9976752531
ce27670787fb1090e09c64908af012fa,Bacteria,Actinomycetota,Actinomycetes,Actinomycetales,Microbacteriaceae,,,0.958557933
bd5b2ec0ef2165d4ad4c799eef65ff7c,Bacteria,Actinomycetota,Actinomycetes,Actinomycetales,Microbacteriaceae,,,0.9733566512
a8d82ca46b7f8fcba3b3506f950665bb,Bacteria,Actinomycetota,Actinomycetes,Actinomycetales,Microbacteriaceae,,,0.9628241142
2d51908e6bd43aa1ca6152d6d7c28f77,Bacteria,Bacillota,Bacilli,Bacillales,Fictibacillaceae,Fictibacillus,Fictibacillus sp004216955,0.9113722562
b1e608bab35451603933eeef7c953936,Bacteria,Bacillota,Bacilli,Staphylococcales,Staphylococcaceae,Staphylococcus,Staphylococcus coagulans,0.985913082
1aab737c93dcb31e703d5d6b7bac057b,Bacteria,Bacillota,Bacilli,Staphylococcales,Staphylococcaceae,Staphylococcus,Staphylococcus coagulans,0.9896813555
1fc8503ba74ed50f3b17d0d74cea9b7b,Bacteria,Bacteroidota,Bacteroidia,Chitinophagales,Chitinophagaceae,,,0.9995725754
62aa699380dd29628a08d34a68f94144,Bacteria,Bacteroidota,Bacteroidia,Chitinophagales,LD1,Bog-950,Bog-950 sp903861145,0.7928914576
f57d03df6ecc9fbcb6d2edc0d0b13cb6,Bacteria,Actinomycetota,Actinomycetes,Actinomycetales,Microbacteriaceae,,,0.9975759768
205d47614cc5c027c25280fc536034a9,Bacteria,Bacillota,Bacilli,Lactobacillales,Lactobacillaceae,Limosilactobacillus,Limosilactobacillus mucosae,0.94200341
6efac40286e96dbcb3232d24579c961c,Bacteria,Bacillota,Bacilli,Lactobacillales,Lactobacillaceae,Limosilactobacillus,Limosilactobacillus mucosae,0.9231668874
728cbdb1acc7f543242d94d27608ece6,Bacteria,Bacillota,Bacilli,Lactobacillales,Lactobacillaceae,Limosilactobacillus,Limosilactobacillus mucosae,0.9723533271
dbb0d4e0b90154448c371c5028196dd3,Bacteria,Bacillota,Bacilli,Lactobacillales,Lactobacillaceae,Limosilactobacillus,Limosilactobacillus mucosae,0.9714621246
ff3983541cbfb408d54b3dfd0772478f,Bacteria,Bacillota,Bacilli,Lactobacillales,Lactobacillaceae,Limosilactobacillus,Limosilactobacillus mucosae,0.9800275159
a9bee8631d5331d6e224dd8c13653482,Bacteria,Bacillota,Bacilli,Lactobacillales,Lactobacillaceae,Limosilactobacillus,Limosilactobacillus mucosae,0.9430758002
61c8ff3a93c5f8fa7591ac5af6615c10,Bacteria,Bacillota,Bacilli,Lactobacillales,Lactobacillaceae,Limosilactobacillus,Limosilactobacillus mucosae,0.9567485814
53fb2a44a28fa2c621e447a391b41baa,Bacteria,Bacteroidota,Bacteroidia,Flavobacteriales,Weeksellaceae,Chryseobacterium,,0.9131922474
9de98881475f206fdd6886634f4bdf1b,Bacteria,Bacteroidota,Bacteroidia,Flavobacteriales,Weeksellaceae,Chryseobacterium,,0.8618284131
d3cf7831d768912b9dc7ec87f89d95bc,Bacteria,Bacteroidota,Bacteroidia,Flavobacteriales,UA16,JAIBBG01,JAIBBG01 sp016722445,0.7704858055
5a13d28ed220a3c3afc9441bffb319e3,Bacteria,Bacteroidota,Bacteroidia,Flavobacteriales,Weeksellaceae,Chryseobacterium,,0.8759912912
73236972fe105b4d6d985a87e7e97637,Bacteria,Pseudomonadota,Gammaproteobacteria,Burkholderiales,Burkholderiaceae,,,0.9431335074
d83435825a48394ba2d624f76032c3dd,Bacteria,Pseudomonadota,Gammaproteobacteria,Burkholderiales,Burkholderiaceae,,,0.9830161172
b58eaa9377805fa6595593b92e295305,Bacteria,Bacteroidota,Bacteroidia,Sphingobacteriales,Sphingobacteriaceae,Sphingobacterium,Sphingobacterium sp000938735,0.9319056859
076c5357efe0d55368b33c7efbf406aa,Bacteria,Bacteroidota,Bacteroidia,Flavobacteriales,Weeksellaceae,Chryseobacterium,,0.774943528
b57fcdf5ce7eebeedf52b752699f9ed4,Bacteria,Bacteroidota,Bacteroidia,Flavobacteriales,Weeksellaceae,Chryseobacterium,,0.9341593577
65b4079848f8a9289e33195f89d72b0f,Bacteria,Bacteroidota,Bacteroidia,Flavobacteriales,Weeksellaceae,Chryseobacterium,,0.9973075946
248045a07866105e7c7d4c2699475fcd,Bacteria,Bacteroidota,Bacteroidia,Flavobacteriales,Weeksellaceae,Chryseobacterium,,0.9237222557
82f3fae38da00d53492315ac83b83be7,Bacteria,Bacteroidota,Bacteroidia,Flavobacteriales,Weeksellaceae,Chryseobacterium,,0.9457005506
2b08db18c0cb613b7ba765e880c4ff1d,Bacteria,Bacteroidota,Bacteroidia,Flavobacteriales,Weeksellaceae,Chryseobacterium,,0.9983656129
3980d24183caccbafc8fb8854d3fcb51,Bacteria,Bacteroidota,Bacteroidia,Flavobacteriales,Weeksellaceae,Chryseobacterium,,0.9693307331
ce240994dc69290d96563740775cdd94,Bacteria,Bacteroidota,Bacteroidia,Flavobacteriales,Weeksellaceae,Chryseobacterium,,0.9017397094
c0aef2df028014e8c7a97fd453df67a0,Bacteria,Bacteroidota,Bacteroidia,Flavobacteriales,Weeksellaceae,Chryseobacterium,,0.9979007475
da128af15ce90bc7f9e451d49953be99,Bacteria,Bacteroidota,Bacteroidia,Flavobacteriales,Weeksellaceae,Chryseobacterium,,0.9506450062
da33537f02a3edd48f10266e9e8e908d,Bacteria,Bacteroidota,Bacteroidia,Flavobacteriales,Weeksellaceae,Chryseobacterium,,0.9299508701
8298263e087e0e1c1dd3791c88a8e6d1,Bacteria,Bacteroidota,Bacteroidia,Flavobacteriales,Weeksellaceae,Chryseobacterium,,0.9630023684
5b1e6082f1a44b6c16754ad5a1792643,Bacteria,Bacteroidota,Bacteroidia,Flavobacteriales,Weeksellaceae,Chryseobacterium,,0.9047627333
52db5e231811243f21416c41479446b1,Bacteria,Bacteroidota,Bacteroidia,Flavobacteriales,Weeksellaceae,Chryseobacterium,,0.8899664592
610e2fb2435a641fd7dda5e39337b12f,Bacteria,Bacteroidota,Bacteroidia,Flavobacteriales,Weeksellaceae,Chryseobacterium,,0.9010183059
6963b0f9fb96980697a2d1cf67da96ae,Bacteria,Bacteroidota,Bacteroidia,Flavobacteriales,Weeksellaceae,Chryseobacterium,,0.8375205921
1b153beeaeae7ca9c9b43f58d523c269,Bacteria,Bacteroidota,Bacteroidia,Flavobacteriales,Weeksellaceae,Chryseobacterium,,0.9831237411
83eb5015712ee5d1259ceed8805a7cdf,Bacteria,Bacteroidota,Bacteroidia,Flavobacteriales,Weeksellaceae,Chryseobacterium,,0.9945881332
3b32b229a9cf3714a54b6060e83e377e,Bacteria,Bacteroidota,Bacteroidia,Sphingobacteriales,Sphingobacteriaceae,Sphingobacterium,Sphingobacterium sp000938735,0.9625184543
e048f6f41df155c14731d56012bb7094,Bacteria,Bacteroidota,Bacteroidia,Sphingobacteriales,Sphingobacteriaceae,Sphingobacterium,Sphingobacterium sp000938735,0.9516539549
2faa5ada70f523f0483f19876fd5034e,Bacteria,Bacteroidota,Bacteroidia,,,,,0.993852242
069e5491883925414ca551b065364a9b,Bacteria,Bacteroidota,Bacteroidia,Flavobacteriales,Weeksellaceae,Chryseobacterium,,0.9206965296
0acf2aea73d13b6d2757c98b1f4befdf,Bacteria,Bacteroidota,Bacteroidia,Sphingobacteriales,Sphingobacteriaceae,Sphingobacterium,Sphingobacterium sp000938735,0.9713058722
74123b9f2f216897bed02af17f5e0d89,Bacteria,Bacteroidota,Bacteroidia,Sphingobacteriales,Sphingobacteriaceae,Sphingobacterium,Sphingobacterium sp000938735,0.9248540596
92d69aee8be266a33fb1731f9a5c6497,Bacteria,Actinomycetota,Thermoleophilia,Solirubrobacterales,70-9,VAYN01,VAYN01 sp005885405,0.9597159258
798dd1d017d7fe598e671281df3cbef9,Bacteria,Actinomycetota,Actinomycetes,Mycobacteriales,Mycobacteriaceae,Corynebacterium,Corynebacterium lehmanniae,0.9453644986
fc8ff1589bce80d718ad448e2f3996ca,Bacteria,Actinomycetota,Actinomycetes,Mycobacteriales,Mycobacteriaceae,Rhodococcus,Rhodococcus erythropolis,0.9287359028
3c9dc5fd339fb48fe35916e73d003642,Bacteria,Actinomycetota,Actinomycetes,Mycobacteriales,Mycobacteriaceae,Rhodococcus,Rhodococcus erythropolis,0.9483959851
278d30ac9d8bd8c7140f0682b563c6b0,Bacteria,Actinomycetota,Actinomycetes,Mycobacteriales,Mycobacteriaceae,Rhodococcus,Rhodococcus erythropolis,0.825032522
f8925fd0512496e6d160ab013ae54686,Bacteria,Actinomycetota,Actinomycetes,Mycobacteriales,Mycobacteriaceae,Rhodococcus,Rhodococcus erythropolis,0.7731633779
cb691a404692a546cd846a08c3f8abc9,Bacteria,Actinomycetota,Actinomycetes,Mycobacteriales,Geodermatophilaceae,Modestobacter,Modestobacter sp000620205,0.9692494539
9c62c62c614890be66476eab5089ba89,Bacteria,Actinomycetota,Actinomycetes,Actinomycetales,Micrococcaceae,Kocuria,,0.9593737029
fee6e88d1a508dc6d209632bdd03b054,Bacteria,Bacillota,Negativicutes,Veillonellales,Veillonellaceae,Veillonella,Veillonella tobetsuensis,0.8398623199
e3a75d6deaaef65a36f5a4994f7c6544,Bacteria,Bacillota,Bacilli,Exiguobacterales,Exiguobacteraceae,Exiguobacterium,Exiguobacterium sp003331145,0.9989372191
0f1a325c80378b5bc7d71a275d712776,Bacteria,Bacillota,Bacilli,Bacillales,DSM-18226,Neobacillus,Neobacillus drentensis,0.8200474472
bbcfc79e13184b2b7189a61887530807,Bacteria,Bacillota,Bacilli,Staphylococcales,Gemellaceae,Gemella,Gemella haemolysans,0.9945725495
387298b1cfd613b9b4353439b225e7fa,Bacteria,Bacillota,Clostridia,Clostridiales,Clostridiaceae,Clostridium,Clostridium multiforme,0.7129593074
a51647114d77c1ead8ed365e02ac1704,Bacteria,Bacillota,Clostridia,Clostridiales,Clostridiaceae,Clostridium,Clostridium multiforme,0.7322085845
a3a9cc4b929f178ec91a3e13c2521d0b,Bacteria,Bacillota,Bacilli,Lactobacillales,Enterococcaceae,Enterococcus,Enterococcus caccae,0.9768418558
6a8ec467dd627b9fc79c8ceafd900a89,Bacteria,Desulfobacterota,Binatia,UBA9968,UBA9968,DP-1,DP-1 sp020027655,0.9864946536
ff68909ac92f30bcb45c5fc53f70f37d,Bacteria,Acidobacteriota,Vicinamibacteria,Vicinamibacterales,Vicinamibacteraceae,Luteitalea,,0.8315662258
1a9f75a99fc92d54a388b46cacc99217,Bacteria,Desulfobacterota,Syntrophorhabdia,Syntrophorhabdales,Syntrophorhabdaceae,UBA5609,UBA5609 sp028713955,0.8906305522
2895867bf40df90c25b3824c9c2845dd,Bacteria,,,,,,,0.9987620461
b107609f5448bf1a506230d4b86ab544,Bacteria,,,,,,,0.9955843236
41f901910677b4797248ca51913e8df0,Bacteria,Pseudomonadota,Gammaproteobacteria,Methylococcales,Methylomonadaceae,,,0.9931431293
d175339e255dfa5a8a7b0ab6d12d95eb,Bacteria,Pseudomonadota,Gammaproteobacteria,Burkholderiales,Neisseriaceae,Neisseria,Neisseria cinerea,0.8394275157
3b4f00baf8994119fce5813d2e73ddf2,Bacteria,Pseudomonadota,Gammaproteobacteria,DSM-16500,DSM-16500,BMAH01,BMAH01 sp014132615,0.9511640647
bbd854e6d855eae35c0cc5f61932d233,Bacteria,Pseudomonadota,Gammaproteobacteria,Pseudomonadales,Moraxellaceae,Acinetobacter,Acinetobacter guerrae,0.8406677815
04239909f3057940cc8d83f8508d4cf5,Bacteria,,,,,,,0.9998065382
0713bb10ea6f6201596a17e6262aae2a,Bacteria,Bacillota,Bacilli,Bacillales,DSM-18226,Neobacillus,Neobacillus drentensis,0.8078586273
86e393d32684c475fe1624eec090e7a9,Bacteria,Chloroflexota,Anaerolineae,Aggregatilineales,Phototrophicaceae,Flexicrinis,,0.9689931468
586f662de3116d343e13248cba5121e5,Bacteria,Actinomycetota,Actinomycetes,Actinomycetales,Bifidobacteriaceae,Bifidobacterium,,0.9994908364
7e5e248ea133993a8fe2dd8a057c2bc8,Bacteria,Actinomycetota,Actinomycetes,Actinomycetales,Bifidobacteriaceae,Bifidobacterium,,0.9996503196
24ae71fe90d53bd2bbacceb3a2e251ed,Bacteria,Actinomycetota,Actinomycetes,Propionibacteriales,Nocardioidaceae,Nocardioides,,0.9086505612
f722e891e45d3cec0500a3a263829013,Bacteria,Bacillota,Clostridia,Clostridiales,Clostridiaceae,Clostridium,Clostridium cuniculi,0.9551260636
a0bf3952d754c13f443b195e53501893,Bacteria,Bacillota,Clostridia,Clostridiales,Clostridiaceae,Clostridium,Clostridium cuniculi,0.8873050444
1f4c7200326dda1350e8dd0144de3597,Bacteria,Bacillota,Clostridia,Clostridiales,Clostridiaceae,Clostridium,Clostridium lentum,0.9350956942
a6b58464409fc8ee60e3869d135451b9,Bacteria,Bacillota,Clostridia,Clostridiales,Clostridiaceae,Clostridium,Clostridium lentum,0.969998862
8f7d486996c78b394daf43e326a6631c,Bacteria,Bacillota,Clostridia,Clostridiales,Clostridiaceae,Clostridium,Clostridium lentum,0.9706114197
76cd3bc5d0a73443d0f8cf820235eb39,Bacteria,Acidobacteriota,Terriglobia,Terriglobales,SbA1,Sulfotelmatobacter,Sulfotelmatobacter sp020073385,0.9764660288
4c99cecf7cacc86957a53b03f9e34b97,Bacteria,Pseudomonadota,Alphaproteobacteria,Sphingomonadales,Sphingomonadaceae,Sphingomonas,,0.9867963246
1893432019847b6afe2ee23ab0298dc5,Bacteria,Pseudomonadota,Alphaproteobacteria,Sphingomonadales,Sphingomonadaceae,Sphingomonas,Sphingomonas glacialis,0.7374732829
b515162ecbefa81a73994b166f578cb9,Bacteria,Pseudomonadota,Alphaproteobacteria,Rhizobiales,Xanthobacteraceae,,,0.9930141197
a33b2a64514605918e67940f3bae09d1,Bacteria,Pseudomonadota,Alphaproteobacteria,Rhizobiales,Beijerinckiaceae,Methylobacterium,Methylobacterium jeotgali,0.9983269618
38627693ad22b0d19900afc63e6e05e1,Bacteria,Pseudomonadota,Alphaproteobacteria,Rhizobiales,Beijerinckiaceae,Methylobacterium,,0.9999205316
9676fc7baa9c960c12a0c550ed135cfe,Bacteria,Pseudomonadota,Alphaproteobacteria,Rhizobiales,Xanthobacteraceae,Bradyrhizobium,Bradyrhizobium altum,0.9683953279
fd1d20589991f3fa2bbedc8bcc226ca7,Bacteria,Pseudomonadota,Alphaproteobacteria,Rhizobiales,Xanthobacteraceae,Bradyrhizobium,,0.9783162821
33001c4d7f9872313fad77a05bc63389,Bacteria,Pseudomonadota,Alphaproteobacteria,Caulobacterales,Caulobacteraceae,Asticcacaulis,Asticcacaulis biprosthecius,0.8960475244
bba6ed2d622d7072550a1a293a9a9f71,Bacteria,Actinomycetota,Thermoleophilia,Gaiellales,Gaiellaceae,,,0.9818591321
284e8dce1c4d60a541dc6742e36de3a3,Bacteria,Pseudomonadota,Alphaproteobacteria,Rhizobiales,Beijerinckiaceae,Lichenihabitans,Lichenihabitans minor,0.9395681663
8a5d3d7d4a2a8651da86e34f415a12ee,Bacteria,Bacteroidota,Bacteroidia,Sphingobacteriales,Sphingobacteriaceae,Sphingobacterium,Sphingobacterium sp000938735,0.9615148844
2bb787ddc2682d4623cbd639bbea02cd,Bacteria,Verrucomicrobiota,Verrucomicrobiae,Verrucomicrobiales,V1-33,CAIZWU01,CAIZWU01 sp903936775,0.9939663507
8d0c3f5417642b99c13ad0d69d7a33f5,Bacteria,Verrucomicrobiota,Verrucomicrobiae,Chthoniobacterales,UBA10450,AV80,AV80 sp003218375,0.7788720913
2ee35ac7f733ddaeb6bd02db9e8a2e14,Bacteria,Verrucomicrobiota,Verrucomicrobiae,Chthoniobacterales,Terrimicrobiaceae,CAMASH01,CAMASH01 sp945860745,0.9800437873